HEADLINE,SENTIMENT
Wall Street tumbles as virus fuels economic worry,1
Earnings Watch  Apple and AMD to take earnings stage amid coronavirus fears  stocks  sudden swoon,1
Stocks   Europe to Edge Higher  Virus Prompts Caution,1
Coronavirus outbreak may disrupt Apple s iPhone production ramp up plans  Nikkei,1
Apple earnings take center stage,1
Apple is exposed to China s consumer market  currently getting hit by coronavirus fears,-1
Stocks   S P Moves off Lows  but Remains Under Pressure  Dow off 300,1
Apple shares hit by China s coronavirus worries,-1
Apple Caught up in Virus Storm  One Analyst Keen to Buy the Dip,1
Stocks   Europe Seen Opening Lower as Virus Concerns Intensify,-1
Stocks   Europe Slumps As Virus Fears Intensify  Italy Outperforms,1
Stocks   Wall Street to Slump at Open  Virus Hits Sentiment,1
All 30 Dow stocks are falling  with Apple and Boeing the biggest drags,1
Apple s price target raised at Deutsche Bank  but it implies a 9  decline,1
Trump s  massive  U S  UK trade deal faces big hurdles,1
Earnings Outlook  Apple earnings  A year after holiday misfire  Apple is worth twice as much,1
Apple TV  Already Has Over 33 Million Customers,1
Broadcom strikes  15 billion deal with Apple to sell it iPhone parts,1
Top Apple Analyst Now Sees Stock Surging 25  More in 2020 to  400,1
Broadcom  Deals with Apple could be worth  15 billion,1
Broadcom signs two deals with Apple  shares  2,1
Google researchers disclose Apple Safari s flaws,1
Amazon Music Soars to 55 Million Listeners  Challenging Apple and Spotify,1
Capitol Report  Facebook  Amazon and Apple set records in annual spending on lobbying,1
Google finds security flaws in Apple s web browser  FT,1
Apple s new connected gyms program gives you benefits for working out with Apple Watch,1
STMicro CEO says a Huawei ban would not threaten  12 billion revenue target,1
Amazon hits  200 billion mark beating Google and Apple to become world s most valuable brand,1
Dow Jones News  IBM Reports Strong Results  Apple to Launch Budget iPhone This Year,1
Amazon Music crosses 55 million subscribers globally  trails Apple Music,1
Honda to join White House initiative to boost U S  job training,-1
Deep Dive  Apple has soared out of the value realm  but you may still be able to find success on this stock list,1
Exclusive  Apple dropped plan for encrypting backups after FBI complained   sources,1
Parasite  scores historic upset at SAG awards  boosting Oscar chances,1
Apple Marches Toward  2 Trillion Valuation,1
Wincrest  net short U S  stocks  says lofty valuations dangerous,-1
Apple Stock Surges Nearly 10  This Year,1
The iPhone s Roaring Comeback in China Is a Bullish Sign for Apple Stock,1
Apple s Services Business Could Be Worth  650 Billion by Next Year,-1
One of Apple s Lowest Analyst Targets Was Just Raised Handily,1
Analysts raise Apple price targets but warn inflated expectations  may make the music stop,1
Dow Jones News  Visa Has a Big Week  Higher Price Targets for Apple Stock,1
Apple may be forced to ditch its Lightning charge cable due to new EU rules,1
Apple target raised on improving iPhone cycle,1
Apple snaps up artificial intelligence startup Xnor ai for about  200 million  reports,1
Zcash Poised to Finally Have Private Transactions on Mobile With SDK Release,1
Apple target gets a boost at Canaccord on 5G  services optimism,1
Dow Jones News  UnitedHealth Boosts Profits  Apple Price Target Raised on 5G Optimism,1
Apple refuses Barr s request to unlock Pensacola shooting suspect s iPhones,1
Apple on track for  2 trillion valuation by end of 2021  Wedbush analyst,-1
NewsWatch  Apple may not get the big 5G bump investors expect  analyst says in downgrade,1
Google cutting web cookies  ending lucrative tracking tool for advertisers,1
Attorney General William Barr says Apple is not helping unlock iPhone used by alleged Pensacola shooter,1
Apple not cooperating with FBI   AG Barr,1
Apple could be a  2 trillion company by the end of next year  one really bullish analyst says,-1
Apple gets new Street high target on 5G,1
Apple Stock  Next Stop   375,1
Apple Sued for Patent Infringement by Masimo and Affiliate,1
Apple Leads Dow Higher Again This Year,1
Why Apple May Have Returned to Growth in Greater China,1
This developer was surprised that Apple Card didn t let him download spending data  so he built a fix,1
Apple pushes recycling of iPhone with  Daisy  robot,1
Apple aims to become  closed loop  manufacturer,1
Apple s Market Cap Could Close in on  2 Trillion in 2020    Here s How,-1
Wall Streets trades near record high  brushes off weak jobs data,-1
Goldman Sachs finally launches app for online bank Marcus,1
Apple is replacing some iPhone battery cases for free because of charging problems,1
Wall Street notches records on trade optimism  Apple gains,1
Asian markets remain upbeat  tech stocks in focus on Apple surge,1
Apple suppliers Skyworks  Qorvo get upgrades on 5G prospects,1
Apple Shares More Metrics for Booming Services Business,1
Apple Notches Another All Time High  China iPhone Sales Pop,1
Apple stock hits record after Chinese government data indicates iPhone sales spike,1
Stocks  Wall Street Notches Record Highs as Geopolitical Jitters Ease,1
Wedbush expects Apple earnings to sizzle,1
Apple s stock has now doubled in a year amid  impressive  App Store sales data,1
Chinese internet firms falling behind on renewable energy goals  Greenpeace,-1
Apple s iPhone sales in China up 18  in December  government data,1
Stocks   Wall Street to Post Strong Gains at Open,1
Apple iPhone sales in China score big jump,1
This Chip Stock Has Doubled in Six Months  but Apple Can Send It Higher,1
Apple News users reach 100 million  App Store sales rise,1
Why Apple s Wearables Segment Will Lift the Stock Higher in 2020,1
Apple s story is shifting thanks to the massive success of AirPods,1
Apple s stock rises toward a record after App Store holiday sales data,1
Byron Wien Predicts S P 500 Will Top 3 500 as Fed Cuts Rates,1
China s Realme aims to double smartphone shipments in 2020 to 50 million,1
South Korea s LG Display to end domestic production of LCD TV panels by end of 2020,-1
Apple bull boosts target on Q1 upside,1
Apple plans new low cost iPhone model   Bloomberg,1
Apple signs deal with Julia Louis Dreyfus,1
Analysts Keep Increasing Their Apple Stock Targets  Another 15  Gain Coming,1
Apple acquires edge AI startup for about  200M,-1
The Ratings Game  Apple may not get the big 5G bump investors expect  analyst says in downgrade,1
Apple s stock gaps up to another record after upbeat data on China iPhone sales,1
Apple s stock has now doubled in the past year  App Store holiday sales rose  impressive  16,1
Why Apple s Wearables Business Likely Crushed It  Again  in Q1,-1
Apple bull continues to see upsides across products,1
Dow Jones News  Apple Could Delay Fastest 5G iPhone  Boeing s 737 Max Crisis Escalates,1
Why 2020 Could Be Another Historic Year for Apple,1
Amazon Fire TV crosses 40 million active users globally,1
Apple s stock reverses higher  as Needham cuts rating but remains bullish and boosts price target,1
Analyst sees  bull case  of  400 for Apple  citing 5g  super cycle,1
1917  upsets Hollywood awards season as Globes host Gervais goes for broke,1
Apple s stock falls  as Deutsche Bank cautions not to expect another 2019 like rally,1
Apple bull continues to see upsides,1
Apple just put itself in position to be the next HBO,-1
Apple s Services Revenue Is Likely to Cross  50 Billion in Fiscal 2020,-1
Can Apple Shares Go Even Higher  Wall Street Thinks So,1
Apple Stock Is Really Expensive,1
Samsung just announced budget versions of its flagship phones before Apple s expected cheap iPhone,1
Apple s Key 2020 Dilemma  Wall Street Cannot  or Will Not  Keep Up With It,1
Dow Jones News  Apple Price Targets Raised  Exxon Expects Big Gain From Norway Asset Sale,1
Apple suing security vendor for trafficking goods,1
Apple TV  Adds a Top Producer to Help Bolster Its Streaming Service,1
Germany s Bosch to offer lower cost sensors for self driving cars,-1
New all time high as Apple tops  300,1
Apple Could Be America s First Company Worth  2 Trillion,1
Synaptics raised on Apple contract confidence,1
Apple targets raised on iPhone  wearables strength,1
Apple Is Getting Back Together With Imagination,1
HBO s Plepler signs five year Apple deal,1
Apple signs exclusive deal with former HBO boss to make movies  TV  and documentaries,1
Wall Street starts 2020 with new records on China stimulus  trade hopes,1
Apple signs former HBO chief to 5 year production deal,1
Apple revives relationship with Imagination Technologies  the UK chip designer it ditched in 2017,1
Apple makes new deal with Imagination Tech,1
Dow Jones News  Apple Dominates in 2019  Walgreens Languishes,1
AirPods and Watch sales will continue to drive Apple s stock higher in 2020  Citi s Jim Suva says,1
Citi sees Apple wearables strength in 2020,-1
Apple stock is rising toward a record even as the overall market hits the brakes,1
Apple s iPhone Will Dominate Smartphones in 2020  Here s Why,1
Apple suppliers caution coronavirus could impact planned production hike  report,-1
Stocks   Wall Street Seen Higher  Apple Tops Earnings Deluge,1
Services in spotlight after Apple stock market value hits  1 4 trillion,1
Selling abates after virus causes worst day since October,-1
Apple plans new cheaper iPhone model  report,1
Services is king as Apple News hits 100M MAUs,1
Apple delaying some 5G iPhone launches   Susquehanna,1
Apple  clear winner  ahead of 5G   Wedbush,1
Apple is the big stock king even as Wall Street grows wary,1
Apple s 84  Rise Pulls Stock Markets Higher,1
Apple May Remove Coinbase s Mobile DApp Browser from App Store,1
U S  stocks higher at close of trade  Dow Jones Industrial Average up 0 37,1
Donations top  30 million for Kyoto Animation arson victims in Japan,-1
Tech stocks are poised to close out their best year in a decade  propelled by Apple and AMD,1
Hacker Who Targeted 300 Million iPhones Admits to Blackmailing Apple,1
Apple iPhone demand will soar in 2020 with launch of 5G  say Wedbush analysts,1
Apple iPhone demand will soar in 2020 with launch of 5G  Wedbush analysts,1
Apple Pulls Overall Market Higher With 77  Advance,1
U S  makes it easier for holders of industry standard patents to block product sales,1
Apple Is the Clear Winner From New Smart Home Coalition,1
France fines Google  167 million for opaque ad platform rules,1
Apple  Google and Amazon are cooperating to make your home gadgets talk to each other,1
Apple held talks with James Bond franchise owner MGM  Pac 12 over potential content deals  WSJ,1
Apple  Samsung phones pass FCC RF radiation test,1
Japan to tighten screws on tech giants to ensure transparency,1
Apple Offers Discounted Year of Apple Arcade,1
Apple s AirPods Pro are sold out online ahead of the holidays,-1
Dow heavyweight Boeing ending strong decade with whimper,1
Dow Jones News  More Bad China News for Apple  Walgreens Down as CVS Sued,-1
U S  Warns Europe That Trade Imbalances Are a 2020 Priority,-1
Apple  Google  Amazon and others are partnering to make your smart home work better,1
Apple gains as Cleveland sees iPhone  wearables strength,1
Trade deal removes major hurdle for rally in Apple and tech,1
Apple Soars 75   Blasts Entire Market Higher,1
Apple is offering free genetic tests to all its Silicon Valley employees,1
Apple  semis gain on trade text deal,1
Apple stock dips after Credit Suisse says iPhone shipments drop 35  in China,1
Apple partners with buzzy fitness studio Orangetheory to track workouts on Apple Watch,1
Apple s China iPhone shipments fall 35  in November  Credit Suisse,1
Apple s iPhone Shipments in China May Have Plunged Last Month,1
Apple s new iPhone software is supposed to limit who your kid talks to  but a bug lets them get around it,1
Apple stock price target raised by BofA Merrill on high hopes for 5G,1
Apple AirPods and Apple Watches are getting analysts excited about Apple stock,1
Apple supplier Japan Display to receive  830 million from asset manager Ichigo,-1
Earnings Results  Apple stock gains after record earnings  upbeat forecast,1
Apple generated  56 billion in iPhone revenue last quarter  smashing expectations,1
Tim Cook says Apple has shut one store in China and is restricting employee travel because of coronavirus,-1
U S  stocks higher at close of trade  Dow Jones Industrial Average up 0 66,1
Apple iPhone sales return to growth  pushing profits above expectations,1
The Coronavirus Outbreak Is Threatening Apple s Supply Chain,-1
Stocks   Dow Rebounds as Apple Rallies Into Earnings,1
Apple now has  207 06 billion in cash on hand  up slightly from last quarter,1
Apple Earnings Beat in Q1 as iPhone Growth Returns,1
Apple stock rises 3  as earnings  revenue top estimates,1
Wall Street rebounds as Apple surges ahead of earnings,1
Rosenblatt lifts Apple target  cautious on 5G,1
Apple s stock rises toward record while the Dow falls  analyst sees Apple as  clear winner  in 5G super cycle,1
Apple s China business is showing signs of concern  says analyst,1
Apple saw China iPhone units fall in November  Credit Suisse says,-1
Apple stock price target raised by Evercore on expected return to growth in fiscal 2020,1
Massachusetts hand dryer maker gets helping hand from U S  China trade war,1
Sales of Apple s Wearables Products Are Soaring,1
Apple Launches Its Promised iPhone Financing Plan,1
Ex Apple engineers cook up cheaper  more powerful tech for self driving cars  and Volkswagen is interested,1
U S  attorney general says Big Tech probes to be completed next year,1
U S  senators threaten Facebook  Apple with encryption regulation,1
Facebook no longer among Glassdoor s top 10 workplaces,-1
Apple offers iPhone subscription for Card holders,1
Apple s Wearables Business Expected to Overtake Mac in 2020,-1
Apple accused of monitoring employee text messages in lawsuit against ex chip exec,-1
Apple s Chance to Dominate the Smart Home,1
Apple s New Mac Pro Is Finally Here    and It s Not Cheap,1
Apple has  deep concerns  that ex employees accused of theft will flee to China,1
Apple Card users can now buy an iPhone in installments with no interest,1
A top analyst said Apple will remove the charging port from an iPhone in 2021   that s a bad idea,-1
Taiwan Stocks Will Soar to Record in 2020  Analysts Say,-1
Dow ends down over 100 points as Apple falls  trade deadline looms,1
Apple Dominates the Market as Wearables Shipments Surge,1
With ninth straight loss  Knicks continue grim path forward,1
Apple May Be Able to Avoid China Tariffs  and It Has Tim Cook to Thank,1
Stocks Soar After Bullish Jobs Report,1
Apple Shares Surge 72   Rocket Ahead of Overall Market,1
U S  stocks higher at close of trade  Dow Jones Industrial Average up 0 10,1
Japan Display creditors could extend commitment lines by 3 months  sources,-1
Stocks Decline as Trade in Focus  Bonds Drop  Markets Wrap,1
Apple is killing the charging plug on its highest end phones by 2021  top analyst predicts,-1
Stocks Edge Lower as Trade in Focus  Bonds Drop,-1
Stocks Edge Higher as Trade in Focus  Bonds Drop  Markets Wrap,1
NewsBreak  U S  Stocks Struggle to  Earn Gains,-1
Peloton is rolling out new apps for Apple Watch and Amazon Fire TV  plus cheaper pricing,1
Billie Eilish dominates 2019 on Apple Music,-1
Wall Street falls for third straight day as trade hopes dim,1
Billionaires Investing in China Electric Cars Face Shakeout,1
Huawei faces online storm in China over employee treatment,1
Apple fails to end MacBook  butterfly  keyboard class action,1
China s major shareholders sell A shares  pressuring markets,-1
Apple  Up Nearly 70   Pulls The Market Higher,1
Amazon  Apple  Facebook and Google are investing in the affordable housing crisis they helped create,1
Samsung Widens Smartphone Market Share at Apple s Expense,1
Apple supplier Japan Display to review past earnings after fraud warning,-1
Stocks   Deere  Boeing Fall Premarket  Apple  Tesla Rise,1
Stocks   Wall Street Opens Slightly Higher After Upbeat Data,1
Ukraine denounces Apple for calling Crimea part of Russia in apps,1
Stocks   Big Indexes Hit New Highs Ahead of Holiday,-1
Apple delays movie theater release of  The Banker,1
Apple supplier Salcomp to invest  279 million in new Indian plant,1
Early Korea Trade Data Offer Sign Export Slump May Be Easing,1
Trade War Threatens Tech Sectors in China and Silicon Valley,1
Stocks   Wall Street Tumbles as Trade Tensions Escalate,1
Apple supplier Japan Display says executive embezzled  5 25 million,1
Apple cancels premiere of film  The Banker  after unspecified  concerns,1
HSBC Cites Rules as Protest Linked Account Reportedly Shut,-1
Stocks   Wall Street Falls After Report That China Uncertain About Trade Deal,1
Amazon offers ad supported free music streaming service,1
Sustainable investors face squeeze as larger firms move in,1
Google  Facebook  Amazon and Apple offer defense in congressional antitrust probe,1
Apple warns of risks from German law to open up mobile payments,1
Apple iPhone 11 Scores Early China Success  Official Data Shows,1
Key antitrust lawmaker frustrated with Google s Fitbit deal,1
Warren lashes out at Goldman over Apple Card bias claims  Bloomberg,1
StockBeat  Apple Drifts Lower on Rare Sell Rating,-1
Stocks  Another Act of  Waiting for China  Leaves S P Flat,1
Apple supplier Japan Display logs 11th straight quarterly net loss,-1
Alibaba Seals  38 Billion Singles  Day Sales Record,-1
Alibaba s Singles  Day sales hit record  38 billion  growth slows,-1
L Oreal  Nestle score big at Alibaba s Singles  Day shopping fest,1
EU s Vestager says Apple Pay has prompted many concerns,-1
Goldman faces probe after entrepreneur slams Apple Card algorithm in tweets,-1
Apple co founder says Apple Card algorithm gave wife lower credit limit,-1
Fitbit reports a 12  fall in revenue,-1
Smartphone Rebound Sparks Signs of Life in Asia s Tech Cycle,1
After Google s Fitbit deal  EU says worrying when firms targeted for their data,1
Founder of China s smartphone maker Smartisan barred from planes  trains,1
NewsBreak  Nasdaq  Composite Hits All Time High After Strong Jobs Report,1
NewsBreak  Stocks Stumble on Weak Economic  Trade Worries,-1
Samsung flags smartphone profit fall  upbeat on chips,-1
Samsung Elec shows off new design for square folding phone,1
Sony in record second quarter profit  image sensor demand offsets slide in gaming earnings,-1
Comic  Fed  Apple Earnings   Jobs Data  Traders Have A Lot To Juggle This Week,1
Lego Builds a New Headquarters to Compete With Apple and Nike,1
Spotify shares surge after surprise profit  rise in paid users,1
Tesla overtakes GM as most valuable U S  automaker  short sellers burned,-1
Apple CEO Cook named chairman of top Chinese business school s advisory board,1
Asian Markets Fall  Brexit Set for Another Delay,-1
Apple offers Japan Display more support with shorter payment periods  source,1
House antitrust probe report likely by  first part  of 2020,-1
AMS posts third quarter revenue jump  sees strong demand from Apple  others,1
Trade tensions  jibes at U S  overshadow Chinese cyber conference,1
U S  chipmaker Broadcom told to stop exclusivity deals till EU probe ends,-1
Weak U S  retail sales cast pall over slowing economy,-1
Netflix Rallies After Overseas Growth Eases Investor Worries,1
Comic  Wall Street s Q3 Earnings Season Gets Off To A Strong Start,1
Big banks say U S  consumers sturdy as businesses quiver with growth fears,1
Stockbeat  Apple Hits All Time High as Wall Street Talks up Streaming Potential,1
N  Korean Hackers  New MacOS Malware Hides Behind Fake Crypto Firm,1
Google pulls Hong Kong protester role playing app,1
Apple pulls app used to track Hong Kong police  protesters,-1
Dyson Becomes Latest Sign That Electric Car Bubble Is Bursting,-1
Dyson Becomes Latest Sign That Electric Car Bubble Is Bursting,-1
Apple Gains Midday on More iPhone 11 Enthusiasm,1
U S  Supreme Court snubs University of Wisconsin appeal in patent fight with Apple,1
Strong smartphone sales raise hopes of Samsung turnaround,1
China state newspaper criticizes Apple for app use by Hong Kong protesters,1
Stocks   U S  Futures Rise as China Offers to Buy American Agricultural Goods,1
Multinationals face heftier tax hit in biggest overhaul for decades,-1
FBI director warns Facebook could become platform of  child pornographers,-1
Apple rolls out free repair for iPhone 6S devices that do not turn on,1
FBI director warns Facebook could become platform of  child pornographers,-1
U S  Supreme Court kicks off new term  with Justice Thomas absent,1
NewsBreak  IPhone Demand Sends Apple to 52 Week High,1
Stocks   S P Pulls Back on Trade Uncertainties,1
Stocks  Apple Rises in Premarket  Facebook  HP Fall,-1
U S  stocks higher at close of trade  Dow Jones Industrial Average up 1 42,1
Goldilocks  jobs data propels Wall St  to best day since August,1
Exclusive  Antitrust probers in Congress ask Spotify to detail alleged Apple abuses   sources,1
Amazon Prime Video back after brief disappearance from Apple s app stores,1
European stocks aided by Fed hopes even as worst week in a year looms,-1
Stocks   U S  Futures Down Ahead of Payrolls as Bounce Fades,-1
TSMC counter sues U S  chip rival GlobalFoundries for patent infringement,1
Stocks   U S  Futures Point to Positive Start to Q4,1
Stocks   U S  Futures Rise After White House Downplays Chinese Listing Measures,1
Stocks   Wall Street Rises as Chinese Capital Curbs Downplayed,1
Apple Is Denied Tariff Relief on Five Mac Pro Parts After Staying in Texas,1
Apple supplier Japan Display loses out on Chinese funds  bailout at risk,-1
Chinese hackers who pursued Uighurs also targeted Tibetans  researchers,1
Chinese hackers who pursued Uighurs also targeted Tibetans  researchers,1
Dozens of Hong Kong protesters appear in court on rioting charges,1
Stocks   Facebook  Starbucks Rise in Premarket  Blackberry Slumps,1
Stocks   Wall Street Rises on Hopes of Trade Progress  Central Bank Easing,1
Britain aims to make sure women s sports air on free TV,1
Apple awards iPhone supplier Corning  250 million from U S  manufacturing fund,1
In a surprise move  Foxconn s Gou drops Taiwan s presidential bid,1
LG Display seeks job cuts amid mounting financial losses,-1
NewsBreak  Apple Rejects Goldman Thesis  Says TV  Won t Hit Profit,1
Apple counters Goldman call on  negative impact  of Apple TV  trial,1
Apple has sour reaction to Goldman Sachs  analyst note,1
Stocks   Broadcom  Merck Fall in Premarket  Amazon Rises,1
Stocks   Dow and S P Rise on Trade Hope  Nasdaq Falters,1
European shares rise as Beijing reins in tariff moves,1
Apple s new  lower priced iPhone draws tepid response in Asia,-1
NewsBreak  Boeing  Apple  Small Caps Lead Market Higher,1
Asian Stocks Mixed  Apple Suppliers Outperform Following iPhone 11 Reveal Event,1
Stocks   Apple  Facebook  Ford Fall in Premarket Trade,1
China s Weibo takes down Instagram like app after logo plagiarism spat,-1
China hacked Asian telcos to spy on Uighur travelers  sources,-1
Apple Exec Says Cryptocurrency  Interesting    Has Long Term Potential,1
Trump Sees Trade Deal Tougher on China If He s Re Elected,1
Stocks   Wall Street Rises on Upbeat Chinese Data  Hong Kong Bill Withdrawal,1
Trump Heaps More Tariffs on China  Still No Deal in Sight,1
U S  threat to French wine receding  but not lifted  minister,1
GlobalFoundries sues TSMC  wants U S  import ban on some products,1
U S  Stocks Fall  Treasuries Rise  Dollar Steady,-1
Apple Falls 4,1
Qualcomm wins a pause in enforcement of FTC ruling,1
Protest fears stalk Hong Kong businesses as China threat looms,1
U S  stocks lower at close of trade  Dow Jones Industrial Average down 0 66,-1
Stocks   U S  Futures Rally After Upbeat Earnings From Retailers,1
AirPods Maker Sales Surge 79   With More Growth Expected,1
Apple CEO warns Trump about China tariffs  Samsung competition,1
Dow posts biggest one day drop since October as recession fears take hold,-1
Tesla Becomes Most Profitable U S  Short Bet as Bears Gain  2 75 Billion,-1
Very Painful  Trade War Has HP Supplier Shifting Out of China,1
Apple under investigation for unfair competition in Russia,-1
Amazon s Alexa comes under scrutiny of Luxembourg privacy watchdog,-1
Apple supplier Japan Display posts tenth straight quarter of net loss,-1
Huawei says tough to meet No 1 smartphone vendor goal due to U S  curbs,1
Goldman Sachs Falls as Top International Executive Charged in 1MDB Scandal,1
Wall Street sinks as yuan slide intensifies trade angst  Dow loses 700 points,1
Japan s FTC investigating Apple over pressure on parts makers  Mainichi,1
For J C  Penney CEO  debt haunts turnaround bid,1
Promotions and patriotism   Battle Mode  Huawei sees China smartphone sales surge,1
Google pledges carbon neutral shipping  recycled plastic for all devices,1
Tariff Threats Rock Global Economy in 24 Hours of Pain,1
Senators seek  serious  fines for antitrust violations,1
Spotify revenue beats on higher subscriber addition,1
Stocks   Stocks Dive as Fed s Powell Sinks Future Easing Hopes,1
Samsung Electronics second quarter profit down 56  as chip troubles persist,-1
Asian shares at six week low on trade worry  pound under pressure,-1
Nintendo quarterly profit drops 10  ahead of Switch Lite launch,1
Exclusive  Bearing brunt of trade war  Singapore chipmakers cut jobs,1
South Korea s LG Display posts deeper second quarter loss on TV panel supply glut,-1
TSMC second quarter net profit falls 7 6,-1
Goldman Sachs profit beats estimates  boosted by strong equities trading,-1
Stocks   Dow Reaches Another Record High,1
Japan curbs could drag on  hurt global economy  Moon,-1
European shares fall as BASF profit warning hits German stocks,-1
India considering relaxing foreign investment rules for several sectors,-1
Wall Street Hasn t Been This Pessimistic on Apple in Decades,1
Wall Street looks to earnings after strongest June in decades,1
Calls for boycott of Japan grow in South Korea as labor row simmers,1
New York City Has Seen Declining Real Wages This Century,1
U S  Supreme Court s business friendly reputation takes a hit,-1
U S  lawmaker says small tech firms fear retaliation if they aid antitrust probe,1
LinkedIn jobs boost caps record FDI period for Ireland,1
Huawei Braces for Phone Sales Drop of Up to 60 Million Overseas,1
Apple says iPhones can now be fixed at all U S  Best Buy stores,1
Republican senator criticizes potential dual U S  antitrust tech probes,-1
Apple cancels plans for second data center in Denmark,1
LG Elec s 5G phones in doubt as chip deal with Qualcomm set to expire,1
The media has a big problem  Reuters Institute says  Who will pay for the news,-1
General Electric s  13 Billion Deal For French Industrial Giant,1
Apple Patent Suit vs  Google Gets Second Life,1
U S  futures rise as sentiment recovers  Dow Jones up 0 28,1
U S  stocks open higher  data ahead  Dow Jones up 0 58,1
Jury Reaches Verdict In Apple Samsung Patents Trial,1
Apple Explains Why Samsung Owes It  2 2B,1
China Mobile iPhone Sales Seen Creating An Apple Holding Pattern In Q2,1
U S  futures edge lower ahead of data  earnings  Dow Jones down 0 06,-1
U S  stocks open mixed to lower with data ahead  Dow Jones up 0 03,1
Apple Revenue Beats Estimate  OKs 7 for 1 Stock Split,1
Apple Q2 Earnings  Revenue Up  2 Billion,-1
U S  futures rise as markets eye upcoming data  Dow Jones up 0 28,1
U S  stocks open higher  eyes on Yellen speech  Dow Jones up 0 73,1
Asian shares gain with Nikkei 225 up 0 72  on weaker JPY,1
Asia stocks broadly higher  Nikkei ends up 1  on weaker yen,1
U S  futures rise ahead of data  Dow Jones up 0 12,1
U S  stocks open mixed after ADP report  Dow Jones down 0 12,-1
U S  futures edge higher ahead of economic reports  Dow Jones up 0 18,1
U S  stocks edge higher after downbeat data  Dow Jones up 0 10,1
Amazon And Twitter Fail Greenpeace Report Card On Green Energy,1
U S  futures hold downtrend  eyes on earnings  Dow Jones down 0 31,-1
U S  stocks open lower  focus on earnings season  Dow Jones down 0 09,-1
Apple Moved Profits Away From Australia To Evade Taxes  Report,1
Nikon  Apple  McDonald s Escape Unscathed From China Consumer Rights Report Ordeal,-1
American Companies  Frustration In China Heightens,1
U S  futures rise as markets eye upcoming data  Dow Jones up 0 23,1
U S  stocks open higher  UoM report ahead  Dow Jones up 0 32,1
U S  futures rise on China stimulus speculation  Dow Jones up 0 26,1
U S  futures mixed amid Fed speculation  Dow Jones up 0 08,1
U S  stocks open lower as Fed taper talk weighs  Dow Jones down 0 10,-1
U S  futures lower as Fed tapering still in focus  Dow Jones down 0 12,-1
U S  stocks open lower on sustained Fed jitters  Dow Jones down 0 11,-1
Apple buys Israel s PrimeSense in  345 million deal,1
Apple s  AAPL  iPhone sales lag Wall Street view,1
Apple Buyback Program Support Ends  Why Carl Icahn Changed His Mind,1
Facebook Is Worth More Than Its Weight In Gold  Sort Of,1
U S  shares ease higher on the back of Apples earnings Dow up 0 02,1
U S  futures higher  Apple to report earnings  Dow Jones up 0 20,1
Apple unveils two new iPhones  stocks fall,1
U S  stocks slide ahead of ISM data  Dow Jones down 0 50,-1
U S  futures rise although Fed uncertainty remains  Dow Jones up 0 42,1
U S  stocks open higher  Fed tapering in focus  Dow Jones up 0 42,1
U S  futures edge higher ahead of nonfarm payrolls  Dow Jones up 0 04,1
U S  stocks open higher after payrolls data  Dow Jones up 0 13,1
